{
  "aggregate": {
    "faithfulness": 0.8833333333333332,
    "answer_relevancy": 0.8033397863124744,
    "context_precision": 0.9249999999387502,
    "context_recall": 0.9083333333333332
  },
  "num_questions": 20,
  "failures": []
}